Elements, num_of_proc, p_N, Min_Exec_Time(Secs), Max_Exec_Time(Secs), Average_Exec_Time(Secs), Min_Send_Bw, Max_Send_Bw(Secs), Average_Send_Bw(Secs), Min_Rec_Bw, Max_Rec_Bw(Secs), Average_Recv_Bw(Secs), Data_size(in KB), Nodal_error, L2 Error
102045, 2, 3, 5.081476, 5.082341, 5.081909,3422.001598, 3533.635590, 3477.818594,3437.424301, 3536.088713, 3486.756507,22547.82, 0.000562462, 1.76531e-06
102045, 2, 3, 5.081295, 5.084640, 5.082968,3411.642249, 3535.237374, 3473.439811,3427.013596, 3537.646626, 3482.330111,22547.82, 0.000562462, 1.76531e-06
102045, 2, 3, 5.080640, 5.084697, 5.082668,3422.856249, 3523.228088, 3473.042169,3437.543249, 3525.335916, 3481.439583,22547.82, 0.000562462, 1.76531e-06
102045, 2, 3, 5.080213, 5.081139, 5.080676,3422.900075, 3533.329605, 3478.114840,3437.574339, 3535.751203, 3486.662771,22547.82, 0.000562462, 1.76531e-06
102045, 2, 3, 5.080816, 5.080948, 5.080882,3421.009031, 3535.118781, 3478.063906,3435.962084, 3537.517239, 3486.739661,22547.82, 0.000562462, 1.76531e-06
102045, 2, 3, 5.080768, 5.081763, 5.081265,3421.259870, 3533.058084, 3477.158977,3436.210309, 3535.535593, 3485.872951,22547.82, 0.000562462, 1.76531e-06
102045, 2, 3, 5.081197, 5.082141, 5.081669,3422.329695, 3532.997463, 3477.663579,3438.417504, 3535.619340, 3487.018422,22547.82, 0.000562462, 1.76531e-06
102045, 2, 3, 5.081093, 5.082090, 5.081591,3422.577164, 3531.820117, 3477.198641,3437.232140, 3534.329659, 3485.780899,22547.82, 0.000562462, 1.76531e-06
102045, 2, 3, 5.081588, 5.081773, 5.081681,3418.859433, 3535.160537, 3477.009985,3433.964378, 3537.529300, 3485.746839,22547.82, 0.000562462, 1.76531e-06
102045, 2, 3, 5.080916, 5.081850, 5.081383,3422.661539, 3533.007512, 3477.834525,3437.706371, 3535.641886, 3486.674129,22547.82, 0.000562462, 1.76531e-06
102045, 2, 3, 5.080657, 5.080989, 5.080823,3420.667189, 3535.044385, 3477.855787,3435.354428, 3537.540573, 3486.447500,22547.82, 0.000562462, 1.76531e-06
102045, 2, 3, 5.081374, 5.081472, 5.081423,3421.213586, 3535.101389, 3478.157487,3436.347636, 3537.610719, 3486.979177,22547.82, 0.000562462, 1.76531e-06
102045, 2, 3, 5.080971, 5.081384, 5.081177,3420.934380, 3534.921892, 3477.928136,3436.710495, 3537.595286, 3487.152891,22547.82, 0.000562462, 1.76531e-06
102045, 2, 3, 5.081427, 5.081671, 5.081549,3419.292480, 3535.093845, 3477.193163,3434.220355, 3537.629111, 3485.924733,22547.82, 0.000562462, 1.76531e-06
102045, 2, 3, 5.081249, 5.081505, 5.081377,3420.885898, 3534.087576, 3477.486737,3435.969253, 3537.653664, 3486.811458,22547.82, 0.000562462, 1.76531e-06
102045, 2, 3, 5.081640, 5.081985, 5.081813,3418.242476, 3533.348215, 3475.795346,3432.830409, 3537.913295, 3485.371852,22547.82, 0.000562462, 1.76531e-06
102045, 2, 3, 5.080947, 5.081897, 5.081422,3421.318666, 3533.202717, 3477.260692,3436.096226, 3535.694136, 3485.895181,22547.82, 0.000562462, 1.76531e-06
102045, 2, 3, 5.081083, 5.081241, 5.081162,3419.600764, 3535.105741, 3477.353252,3434.557268, 3537.483108, 3486.020188,22547.82, 0.000562462, 1.76531e-06
102045, 2, 3, 5.080536, 5.081597, 5.081067,3422.752312, 3532.831920, 3477.792116,3437.827170, 3535.263347, 3486.545259,22547.82, 0.000562462, 1.76531e-06
102045, 2, 3, 5.081360, 5.081511, 5.081435,3420.066530, 3535.080393, 3477.573461,3436.028219, 3537.613934, 3486.821077,22547.82, 0.000562462, 1.76531e-06
102045, 2, 3, 5.081000, 5.081144, 5.081072,3421.578986, 3533.851590, 3477.715288,3436.410900, 3537.553313, 3486.982106,22547.82, 0.000562462, 1.76531e-06
102045, 2, 3, 5.081168, 5.082223, 5.081696,3424.329365, 3532.848218, 3478.588792,3440.174560, 3535.299716, 3487.737138,22547.82, 0.000562462, 1.76531e-06
102045, 2, 3, 5.080477, 5.081465, 5.080971,3422.520078, 3533.100828, 3477.810453,3437.122383, 3535.690461, 3486.406422,22547.82, 0.000562462, 1.76531e-06
102045, 2, 3, 5.081206, 5.081780, 5.081493,3420.444504, 3534.040122, 3477.242313,3435.142265, 3536.559198, 3485.850732,22547.82, 0.000562462, 1.76531e-06
102045, 2, 3, 5.080489, 5.081414, 5.080952,3421.798495, 3533.331623, 3477.565059,3436.481392, 3535.856026, 3486.168709,22547.82, 0.000562462, 1.76531e-06
102045, 2, 3, 5.080842, 5.081123, 5.080983,3421.318265, 3535.206277, 3478.262271,3436.006604, 3537.637529, 3486.822066,22547.82, 0.000562462, 1.76531e-06
102045, 2, 3, 5.080866, 5.081946, 5.081406,3421.937970, 3532.855606, 3477.396788,3436.811674, 3535.351401, 3486.081538,22547.82, 0.000562462, 1.76531e-06
102045, 2, 3, 5.080495, 5.081634, 5.081064,3421.618237, 3532.707730, 3477.162983,3436.318518, 3535.183091, 3485.750804,22547.82, 0.000562462, 1.76531e-06
102045, 2, 3, 5.080996, 5.081240, 5.081118,3422.084249, 3535.049775, 3478.567012,3437.201979, 3537.628211, 3487.415095,22547.82, 0.000562462, 1.76531e-06
102045, 2, 3, 5.081116, 5.081331, 5.081224,3420.775099, 3533.877993, 3477.326546,3435.431630, 3536.304591, 3485.868111,22547.82, 0.000562462, 1.76531e-06
10420, 2, 3, 0.570594, 0.571234, 0.570914,3058.962556, 3354.933002, 3206.947779,3180.967784, 3385.219734, 3283.093759,2258.91, 0.000217376, 1.01103e-05
10420, 2, 3, 0.570804, 0.571253, 0.571028,3023.933945, 3371.880514, 3197.907230,3145.124561, 3400.996480, 3273.060520,2258.91, 0.000217376, 1.01103e-05
10420, 2, 3, 0.571107, 0.571545, 0.571326,3074.195583, 3369.443811, 3221.819697,3199.005805, 3401.173326, 3300.089565,2258.91, 0.000217376, 1.01103e-05
10420, 2, 3, 0.570282, 0.570986, 0.570634,3079.599979, 3373.498236, 3226.549107,3202.233531, 3405.104024, 3303.668777,2258.91, 0.000217376, 1.01103e-05
10420, 2, 3, 0.570387, 0.570990, 0.570689,3066.630406, 3393.317229, 3229.973818,3191.428495, 3424.067617, 3307.748056,2258.91, 0.000217376, 1.01103e-05
10420, 2, 3, 0.570236, 0.570758, 0.570497,3064.183329, 3393.092646, 3228.637987,3189.209415, 3424.928251, 3307.068833,2258.91, 0.000217376, 1.01103e-05
10420, 2, 3, 0.570105, 0.570601, 0.570353,3081.452385, 3395.035905, 3238.244145,3206.922932, 3423.619806, 3315.271369,2258.91, 0.000217376, 1.01103e-05
10420, 2, 3, 0.570322, 0.570828, 0.570575,3091.521698, 3396.479018, 3244.000358,3217.866470, 3419.868777, 3318.867624,2258.91, 0.000217376, 1.01103e-05
10420, 2, 3, 0.570264, 0.570764, 0.570514,3081.635099, 3395.507478, 3238.571289,3206.581279, 3420.555356, 3313.568318,2258.91, 0.000217376, 1.01103e-05
10420, 2, 3, 0.570377, 0.570836, 0.570607,3056.650468, 3396.382051, 3226.516260,3179.405938, 3423.853763, 3301.629851,2258.91, 0.000217376, 1.01103e-05
10420, 2, 3, 0.570226, 0.570880, 0.570553,3047.458326, 3395.393276, 3221.425801,3172.269260, 3423.243598, 3297.756429,2258.91, 0.000217376, 1.01103e-05
10420, 2, 3, 0.570249, 0.570699, 0.570474,3060.699040, 3394.702550, 3227.700795,3185.213130, 3419.877109, 3302.545119,2258.91, 0.000217376, 1.01103e-05
10420, 2, 3, 0.570235, 0.570754, 0.570495,3071.885156, 3394.946873, 3233.416015,3198.204612, 3421.434846, 3309.819729,2258.91, 0.000217376, 1.01103e-05
10420, 2, 3, 0.570259, 0.570740, 0.570500,3053.904272, 3395.441954, 3224.673113,3177.142771, 3422.413453, 3299.778112,2258.91, 0.000217376, 1.01103e-05
10420, 2, 3, 0.570168, 0.570806, 0.570487,3079.679307, 3375.668486, 3227.673897,3203.259650, 3405.925642, 3304.592646,2258.91, 0.000217376, 1.01103e-05
10420, 2, 3, 0.570514, 0.571019, 0.570767,3037.482722, 3393.153218, 3215.317970,3158.866116, 3420.670894, 3289.768505,2258.91, 0.000217376, 1.01103e-05
10420, 2, 3, 0.570501, 0.571132, 0.570817,3061.307712, 3373.274293, 3217.291003,3183.502454, 3406.410495, 3294.956475,2258.91, 0.000217376, 1.01103e-05
10420, 2, 3, 0.570543, 0.571084, 0.570814,3196.665211, 3379.855742, 3288.260477,3346.219334, 3424.456217, 3385.337776,2258.91, 0.000217376, 1.01103e-05
10420, 2, 3, 0.570308, 0.570802, 0.570555,3063.562207, 3392.385327, 3227.973767,3186.687092, 3424.050883, 3305.368987,2258.91, 0.000217376, 1.01103e-05
10420, 2, 3, 0.570279, 0.570710, 0.570494,3061.260860, 3393.873030, 3227.566945,3185.351084, 3423.711836, 3304.531460,2258.91, 0.000217376, 1.01103e-05
10420, 2, 3, 0.570408, 0.570819, 0.570613,3052.405453, 3394.130304, 3223.267878,3174.770970, 3423.045509, 3298.908239,2258.91, 0.000217376, 1.01103e-05
10420, 2, 3, 0.570309, 0.570879, 0.570594,3091.845239, 3377.229189, 3234.537214,3216.106457, 3406.545490, 3311.325974,2258.91, 0.000217376, 1.01103e-05
10420, 2, 3, 0.570529, 0.570991, 0.570760,3050.057789, 3394.393705, 3222.225747,3172.180450, 3422.456538, 3297.318494,2258.91, 0.000217376, 1.01103e-05
10420, 2, 3, 0.570419, 0.570952, 0.570685,3060.320338, 3396.079921, 3228.200129,3184.023550, 3419.990722, 3302.007136,2258.91, 0.000217376, 1.01103e-05
10420, 2, 3, 0.570119, 0.570697, 0.570408,3095.106410, 3377.063863, 3236.085136,3219.258730, 3406.623017, 3312.940874,2258.91, 0.000217376, 1.01103e-05
10420, 2, 3, 0.570234, 0.570878, 0.570556,3112.156122, 3375.376582, 3243.766352,3238.382906, 3403.111215, 3320.747060,2258.91, 0.000217376, 1.01103e-05
10420, 2, 3, 0.570179, 0.570635, 0.570407,3072.934188, 3396.466706, 3234.700447,3200.710710, 3421.904530, 3311.307620,2258.91, 0.000217376, 1.01103e-05
10420, 2, 3, 0.570127, 0.570748, 0.570437,3063.099430, 3395.640326, 3229.369878,3190.236905, 3423.733395, 3306.985150,2258.91, 0.000217376, 1.01103e-05
10420, 2, 3, 0.570266, 0.570979, 0.570623,3054.404802, 3395.004466, 3224.704634,3178.011039, 3421.837256, 3299.924148,2258.91, 0.000217376, 1.01103e-05
10420, 2, 3, 0.570471, 0.571052, 0.570762,3031.479035, 3396.666423, 3214.072729,3155.100383, 3418.819139, 3286.959761,2258.91, 0.000217376, 1.01103e-05
1052, 2, 3, 0.126272, 0.126636, 0.126454,720.817290, 2541.998789, 1631.408039,811.488583, 2666.831564, 1739.160073,210.47, 0.00109793, 5.43691e-05
1052, 2, 3, 0.126239, 0.126711, 0.126475,718.430805, 2533.188882, 1625.809843,810.058338, 2656.618293, 1733.338316,210.47, 0.00109793, 5.43691e-05
1052, 2, 3, 0.126211, 0.126858, 0.126534,715.242515, 2536.022227, 1625.632371,807.841281, 2664.945434, 1736.393358,210.47, 0.00109793, 5.43691e-05
1052, 2, 3, 0.126621, 0.127112, 0.126866,702.441013, 2528.866614, 1615.653814,803.521648, 2646.659183, 1725.090415,210.47, 0.00109793, 5.43691e-05
1052, 2, 3, 0.126700, 0.127098, 0.126899,703.322570, 2531.052529, 1617.187550,807.157093, 2649.841213, 1728.499153,210.47, 0.00109793, 5.43691e-05
1052, 2, 3, 0.126653, 0.127077, 0.126865,706.820728, 2533.586782, 1620.203755,807.757794, 2659.017968, 1733.387881,210.47, 0.00109793, 5.43691e-05
1052, 2, 3, 0.126601, 0.126951, 0.126776,707.355584, 2535.256649, 1621.306117,808.577157, 2656.846703, 1732.711930,210.47, 0.00109793, 5.43691e-05
1052, 2, 3, 0.126527, 0.126957, 0.126742,706.305306, 2536.421018, 1621.363162,808.083459, 2664.616929, 1736.350194,210.47, 0.00109793, 5.43691e-05
1052, 2, 3, 0.126504, 0.126983, 0.126743,704.510227, 2537.912857, 1621.211542,806.600495, 2658.015465, 1732.307980,210.47, 0.00109793, 5.43691e-05
1052, 2, 3, 0.126564, 0.127036, 0.126800,708.951383, 2537.297906, 1623.124644,805.109286, 2658.748503, 1731.928894,210.47, 0.00109793, 5.43691e-05
1052, 2, 3, 0.126285, 0.126599, 0.126442,717.809909, 2533.352844, 1625.581377,812.895116, 2663.733485, 1738.314301,210.47, 0.00109793, 5.43691e-05
1052, 2, 3, 0.126213, 0.126586, 0.126400,714.558645, 2539.689208, 1627.123927,810.920950, 2665.178241, 1738.049596,210.47, 0.00109793, 5.43691e-05
1052, 2, 3, 0.126588, 0.126965, 0.126777,707.060346, 2531.466683, 1619.263515,811.014090, 2652.038971, 1731.526530,210.47, 0.00109793, 5.43691e-05
1052, 2, 3, 0.126262, 0.126790, 0.126526,712.159588, 2541.469303, 1626.814446,809.717973, 2662.780844, 1736.249409,210.47, 0.00109793, 5.43691e-05
1052, 2, 3, 0.126283, 0.126748, 0.126515,716.668531, 2538.380313, 1627.524422,811.534281, 2660.139064, 1735.836672,210.47, 0.00109793, 5.43691e-05
1052, 2, 3, 0.126333, 0.126652, 0.126492,716.726452, 2542.696545, 1629.711498,813.474347, 2661.629750, 1737.552048,210.47, 0.00109793, 5.43691e-05
1052, 2, 3, 0.126362, 0.126637, 0.126499,714.690657, 2534.564042, 1624.627349,813.368209, 2650.383817, 1731.876013,210.47, 0.00109793, 5.43691e-05
1052, 2, 3, 0.126335, 0.126607, 0.126471,718.020945, 2538.694195, 1628.357570,813.716196, 2659.950411, 1736.833304,210.47, 0.00109793, 5.43691e-05
1052, 2, 3, 0.126364, 0.126762, 0.126563,711.074931, 2536.667509, 1623.871220,810.085740, 2659.088930, 1734.587335,210.47, 0.00109793, 5.43691e-05
1052, 2, 3, 0.127034, 0.127478, 0.127256,695.955379, 2529.616240, 1612.785809,794.576739, 2647.097038, 1720.836889,210.47, 0.00109793, 5.43691e-05
1052, 2, 3, 0.126846, 0.127218, 0.127032,702.329285, 2527.200357, 1614.764821,806.606229, 2644.725045, 1725.665637,210.47, 0.00109793, 5.43691e-05
1052, 2, 3, 0.126622, 0.127084, 0.126853,708.535320, 2533.328222, 1620.931771,812.953780, 2645.906130, 1729.429955,210.47, 0.00109793, 5.43691e-05
1052, 2, 3, 0.126545, 0.127038, 0.126792,705.981969, 2538.894892, 1622.438430,805.953764, 2665.397657, 1735.675710,210.47, 0.00109793, 5.43691e-05
1052, 2, 3, 0.126592, 0.126941, 0.126767,709.297572, 2535.176776, 1622.237174,807.889926, 2658.410127, 1733.150027,210.47, 0.00109793, 5.43691e-05
1052, 2, 3, 0.126707, 0.127245, 0.126976,705.108775, 2527.734038, 1616.421406,808.433679, 2636.820080, 1722.626880,210.47, 0.00109793, 5.43691e-05
1052, 2, 3, 0.126711, 0.127007, 0.126859,710.437913, 2530.768310, 1620.603111,813.722768, 2649.340004, 1731.531386,210.47, 0.00109793, 5.43691e-05
1052, 2, 3, 0.126581, 0.126919, 0.126750,708.981203, 2536.850172, 1622.915687,808.146659, 2655.704850, 1731.925754,210.47, 0.00109793, 5.43691e-05
1052, 2, 3, 0.126511, 0.127155, 0.126833,705.276451, 2538.918010, 1622.097230,805.265214, 2652.485845, 1728.875530,210.47, 0.00109793, 5.43691e-05
1052, 2, 3, 0.126514, 0.126878, 0.126696,711.262813, 2538.050031, 1624.656422,810.187647, 2656.417191, 1733.302419,210.47, 0.00109793, 5.43691e-05
1052, 2, 3, 0.126519, 0.126864, 0.126692,711.847577, 2539.100818, 1625.474198,810.019938, 2662.569939, 1736.294939,210.47, 0.00109793, 5.43691e-05
203163, 2, 3, 10.115308, 10.118535, 10.116921,3450.916697, 3541.427188, 3496.171942,3458.854298, 3542.806450, 3500.830374,45118.83, 0.0203076, 1.71447e-05
203163, 2, 3, 10.115168, 10.115366, 10.115267,3455.289230, 3540.894814, 3498.092022,3462.985238, 3542.256082, 3502.620660,45118.83, 0.0203076, 1.71448e-05
203163, 2, 3, 10.113292, 10.114428, 10.113860,3456.482984, 3539.892611, 3498.187797,3464.202774, 3541.775679, 3502.989227,45118.83, 0.0203076, 1.71447e-05
203163, 2, 3, 10.115207, 10.117663, 10.116435,3451.847895, 3541.516481, 3496.682188,3459.901126, 3542.793783, 3501.347455,45118.83, 0.0203076, 1.71447e-05
203163, 2, 3, 10.114077, 10.116103, 10.115090,3456.050189, 3537.947054, 3496.998621,3463.926897, 3539.826182, 3501.876539,45118.83, 0.0203076, 1.71447e-05
203163, 2, 3, 10.115441, 10.115556, 10.115499,3455.079018, 3541.419745, 3498.249382,3463.130446, 3542.738996, 3502.934721,45118.83, 0.0203076, 1.71447e-05
203163, 2, 3, 10.114091, 10.114280, 10.114186,3455.183243, 3540.874165, 3498.028704,3462.160247, 3542.237272, 3502.198759,45118.83, 0.0203076, 1.71447e-05
203163, 2, 3, 10.114774, 10.115848, 10.115311,3456.484614, 3540.537143, 3498.510879,3464.454465, 3541.871228, 3503.162847,45118.83, 0.0203076, 1.7145e-05
203163, 2, 3, 10.113760, 10.114986, 10.114373,3456.892993, 3539.121132, 3498.007062,3463.995667, 3541.095603, 3502.545635,45118.83, 0.0203076, 1.71447e-05
203163, 2, 3, 10.115472, 10.115605, 10.115538,3455.275733, 3541.414740, 3498.345237,3463.381508, 3542.743122, 3503.062315,45118.83, 0.0203076, 1.71447e-05
203163, 2, 3, 10.113601, 10.114391, 10.113996,3454.597128, 3540.913616, 3497.755372,3461.583416, 3542.208305, 3501.895860,45118.83, 0.0203076, 1.71447e-05
203163, 2, 3, 10.115365, 10.115424, 10.115395,3455.663875, 3541.462167, 3498.563021,3463.631322, 3542.768653, 3503.199988,45118.83, 0.0203076, 1.71447e-05
203163, 2, 3, 10.113777, 10.113783, 10.113780,3454.858515, 3540.930092, 3497.894304,3461.831656, 3542.260933, 3502.046294,45118.83, 0.0203076, 1.71447e-05
203163, 2, 3, 10.115684, 10.116905, 10.116295,3453.233467, 3541.453788, 3497.343628,3461.195796, 3542.760721, 3501.978259,45118.83, 0.0203076, 1.71447e-05
203163, 2, 3, 10.113435, 10.114217, 10.113826,3454.330749, 3540.891204, 3497.610977,3462.000654, 3542.272467, 3502.136560,45118.83, 0.0203076, 1.71447e-05
203163, 2, 3, 10.115436, 10.116947, 10.116191,3453.099706, 3541.485176, 3497.292441,3461.084963, 3542.779987, 3501.932475,45118.83, 0.0203076, 1.71447e-05
203163, 2, 3, 10.113675, 10.114909, 10.114292,3454.049735, 3540.916668, 3497.483201,3461.095684, 3542.298577, 3501.697131,45118.83, 0.0203076, 1.71447e-05
203163, 2, 3, 10.115348, 10.116198, 10.115773,3454.500884, 3541.496762, 3497.998823,3462.607662, 3542.749407, 3502.678534,45118.83, 0.0203076, 1.71448e-05
203163, 2, 3, 10.113541, 10.114343, 10.113942,3455.120795, 3540.881179, 3498.000987,3462.994057, 3542.206356, 3502.600206,45118.83, 0.0203076, 1.71447e-05
203163, 2, 3, 10.115342, 10.116148, 10.115745,3454.711089, 3541.434769, 3498.072929,3462.799499, 3542.813831, 3502.806665,45118.83, 0.0203076, 1.71447e-05
203163, 2, 3, 10.114002, 10.116716, 10.115359,3450.812282, 3540.933590, 3495.872936,3458.509284, 3542.371914, 3500.440599,45118.83, 0.0203076, 1.71447e-05
203163, 2, 3, 10.115227, 10.118007, 10.116617,3451.702147, 3541.533384, 3496.617765,3459.799948, 3542.809953, 3501.304951,45118.83, 0.0203076, 1.71447e-05
203163, 2, 3, 10.113698, 10.114839, 10.114269,3455.434460, 3539.378154, 3497.406307,3463.179320, 3540.828162, 3502.003741,45118.83, 0.0203076, 1.71447e-05
203163, 2, 3, 10.115262, 10.116169, 10.115716,3454.144236, 3541.511929, 3497.828082,3462.085493, 3542.824240, 3502.454867,45118.83, 0.0203076, 1.71447e-05
203163, 2, 3, 10.114072, 10.114131, 10.114101,3455.095732, 3540.411911, 3497.753822,3462.074392, 3541.782880, 3501.928636,45118.83, 0.0203076, 1.71447e-05
203163, 2, 3, 10.114940, 10.115990, 10.115465,3454.058707, 3541.512052, 3497.785380,3461.978392, 3542.820928, 3502.399660,45118.83, 0.0203076, 1.71447e-05
203163, 2, 3, 10.113742, 10.113813, 10.113778,3455.804374, 3540.979363, 3498.391869,3462.881416, 3542.273005, 3502.577211,45118.83, 0.0203076, 1.71447e-05
203163, 2, 3, 10.115300, 10.116503, 10.115902,3455.707826, 3539.816147, 3497.761987,3463.612075, 3541.830510, 3502.721292,45118.83, 0.0203076, 1.71447e-05
203163, 2, 3, 10.113934, 10.115759, 10.114847,3452.399428, 3540.415257, 3496.407343,3459.979753, 3541.750577, 3500.865165,45118.83, 0.0203076, 1.71447e-05
203163, 2, 3, 10.115355, 10.116401, 10.115878,3453.813430, 3541.478751, 3497.646090,3461.896788, 3542.764739, 3502.330763,45118.83, 0.0203076, 1.71447e-05
19982, 2, 3, 1.031022, 1.031529, 1.031275,3346.137918, 3458.293761, 3402.215840,3426.917013, 3475.799135, 3451.358074,4383.75, 0.000149039, 6.14173e-06
19982, 2, 3, 1.031117, 1.031783, 1.031450,3353.233338, 3447.010156, 3400.121747,3434.421009, 3466.949569, 3450.685289,4383.75, 0.000149039, 6.14173e-06
19982, 2, 3, 1.031136, 1.035597, 1.033366,3349.589420, 3389.859075, 3369.724248,3405.020670, 3429.997785, 3417.509227,4383.75, 0.000149039, 6.14173e-06
19982, 2, 3, 1.031002, 1.033488, 1.032245,3314.294304, 3457.731843, 3386.013073,3392.391488, 3476.833583, 3434.612536,4383.75, 0.000149039, 6.14173e-06
19982, 2, 3, 1.030619, 1.031199, 1.030909,3358.021113, 3450.877331, 3404.449222,3435.702237, 3469.667663, 3452.684950,4383.75, 0.000149039, 6.14173e-06
19982, 2, 3, 1.030652, 1.031421, 1.031036,3352.127906, 3447.945225, 3400.036565,3430.496294, 3465.826489, 3448.161391,4383.75, 0.000149039, 6.14173e-06
19982, 2, 3, 1.030689, 1.031344, 1.031016,3350.102071, 3451.038042, 3400.570057,3430.482816, 3464.962945, 3447.722881,4383.75, 0.000149039, 6.14173e-06
19982, 2, 3, 1.030602, 1.031334, 1.030968,3358.543695, 3447.554919, 3403.049307,3436.231863, 3468.085723, 3452.158793,4383.75, 0.000149039, 6.14173e-06
19982, 2, 3, 1.030691, 1.031313, 1.031002,3354.717620, 3448.904204, 3401.810912,3434.085658, 3470.364527, 3452.225092,4383.75, 0.000149039, 6.14173e-06
19982, 2, 3, 1.030711, 1.031404, 1.031058,3354.285148, 3445.468073, 3399.876610,3435.672915, 3470.006867, 3452.839891,4383.75, 0.000149039, 6.14173e-06
19982, 2, 3, 1.030799, 1.031340, 1.031069,3346.374758, 3459.145694, 3402.760226,3428.318243, 3476.330066, 3452.324154,4383.75, 0.000149039, 6.14173e-06
19982, 2, 3, 1.030531, 1.031087, 1.030809,3362.548196, 3449.081532, 3405.814864,3441.966418, 3469.802938, 3455.884678,4383.75, 0.000149039, 6.14173e-06
19982, 2, 3, 1.030746, 1.031353, 1.031049,3359.356404, 3448.832138, 3404.094271,3439.223265, 3469.883983, 3454.553624,4383.75, 0.000149039, 6.14173e-06
19982, 2, 3, 1.030829, 1.031448, 1.031138,3346.296256, 3456.212984, 3401.254620,3428.246941, 3479.793697, 3454.020319,4383.75, 0.000149039, 6.14173e-06
19982, 2, 3, 1.030809, 1.031502, 1.031156,3344.079982, 3457.686441, 3400.883212,3424.579189, 3478.565256, 3451.572222,4383.75, 0.000149039, 6.14173e-06
19982, 2, 3, 1.031783, 1.032407, 1.032095,3339.374495, 3439.052617, 3389.213556,3416.805308, 3479.537597, 3448.171452,4383.75, 0.000149039, 6.14173e-06
19982, 2, 3, 1.035264, 1.035871, 1.035568,3351.671389, 3367.507343, 3359.589366,3411.762874, 3411.799822, 3411.781348,4383.75, 0.000149039, 6.14173e-06
19982, 2, 3, 1.030789, 1.031509, 1.031149,3340.634769, 3457.698857, 3399.166813,3420.937599, 3477.873765, 3449.405682,4383.75, 0.000149039, 6.14173e-06
19982, 2, 3, 1.030722, 1.031326, 1.031024,3351.075679, 3449.789165, 3400.432422,3431.652910, 3467.421389, 3449.537150,4383.75, 0.000149039, 6.14173e-06
19982, 2, 3, 1.030622, 1.031284, 1.030953,3348.616167, 3457.811080, 3403.213623,3426.099101, 3479.121154, 3452.610128,4383.75, 0.000149039, 6.14173e-06
19982, 2, 3, 1.030899, 1.031527, 1.031213,3353.159346, 3449.149050, 3401.154198,3433.809060, 3469.902368, 3451.855714,4383.75, 0.000149039, 6.14173e-06
19982, 2, 3, 1.030938, 1.031506, 1.031222,3340.612514, 3458.954107, 3399.783311,3421.125779, 3478.963197, 3450.044488,4383.75, 0.000149039, 6.14173e-06
19982, 2, 3, 1.030803, 1.031403, 1.031103,3350.211883, 3449.212348, 3399.712115,3431.373922, 3468.120738, 3449.747330,4383.75, 0.000149039, 6.14173e-06
19982, 2, 3, 1.030701, 1.031253, 1.030977,3356.519770, 3451.445037, 3403.982404,3434.720224, 3468.324469, 3451.522347,4383.75, 0.000149039, 6.14173e-06
19982, 2, 3, 1.030369, 1.031001, 1.030685,3363.790049, 3448.049008, 3405.919528,3441.232905, 3470.073777, 3455.653341,4383.75, 0.000149039, 6.14173e-06
19982, 2, 3, 1.030816, 1.031444, 1.031130,3356.738214, 3448.678157, 3402.708185,3435.885931, 3466.840442, 3451.363186,4383.75, 0.000149039, 6.14173e-06
19982, 2, 3, 1.030541, 1.030977, 1.030759,3352.286001, 3456.595779, 3404.440890,3432.456099, 3479.882790, 3456.169445,4383.75, 0.000149039, 6.14173e-06
19982, 2, 3, 1.030772, 1.031473, 1.031122,3357.531706, 3446.272083, 3401.901894,3437.486651, 3468.886495, 3453.186573,4383.75, 0.000149039, 6.14173e-06
19982, 2, 3, 1.030451, 1.030976, 1.030713,3367.789985, 3449.178253, 3408.484119,3445.959614, 3471.682403, 3458.821009,4383.75, 0.000149039, 6.14173e-06
19982, 2, 3, 1.030700, 1.031217, 1.030959,3351.092947, 3458.790343, 3404.941645,3430.563417, 3479.003925, 3454.783671,4383.75, 0.000149039, 6.14173e-06
1978, 2, 3, 0.174852, 0.175255, 0.175053,1101.495693, 2837.707816, 1969.601754,1212.003871, 2996.687947, 2104.345909,412.04, 0.000978807, 3.43694e-05
1978, 2, 3, 0.171890, 0.172268, 0.172079,1276.464713, 2918.660896, 2097.562804,1411.055939, 2974.165394, 2192.610667,412.04, 0.000978807, 3.43694e-05
1978, 2, 3, 0.172365, 0.172861, 0.172613,1175.736211, 2911.398988, 2043.567599,1306.538406, 2966.936882, 2136.737644,412.04, 0.000978807, 3.43694e-05
1978, 2, 3, 0.172765, 0.173153, 0.172959,1140.478382, 2923.474788, 2031.976585,1256.793146, 2992.022032, 2124.407589,412.04, 0.000978807, 3.43694e-05
1978, 2, 3, 0.172144, 0.172491, 0.172318,1182.545861, 2912.725145, 2047.635503,1317.589762, 2977.510260, 2147.550011,412.04, 0.000978807, 3.43694e-05
1978, 2, 3, 0.172041, 0.172399, 0.172220,1187.095165, 2915.552979, 2051.324072,1323.311955, 2978.238532, 2150.775243,412.04, 0.000978807, 3.43694e-05
1978, 2, 3, 0.171949, 0.172537, 0.172243,1183.557763, 2917.206898, 2050.382331,1323.067392, 2979.595278, 2151.331335,412.04, 0.000978807, 3.43694e-05
1978, 2, 3, 0.172692, 0.173030, 0.172861,1145.586561, 2921.315923, 2033.451242,1261.587853, 2993.763746, 2127.675800,412.04, 0.000978807, 3.43694e-05
1978, 2, 3, 0.172284, 0.172601, 0.172442,1177.896112, 2910.326373, 2044.111243,1316.806279, 2969.873016, 2143.339648,412.04, 0.000978807, 3.43694e-05
1978, 2, 3, 0.172844, 0.173235, 0.173039,1136.974849, 2922.704144, 2029.839496,1251.575497, 2988.844805, 2120.210151,412.04, 0.000978807, 3.43694e-05
1978, 2, 3, 0.173236, 0.173498, 0.173367,1134.231504, 2920.562890, 2027.397197,1247.775529, 2990.298852, 2119.037191,412.04, 0.000978807, 3.43694e-05
1978, 2, 3, 0.172050, 0.172434, 0.172242,1197.490785, 2913.799529, 2055.645157,1330.775437, 2977.149467, 2153.962452,412.04, 0.000978807, 3.43694e-05
1978, 2, 3, 0.173323, 0.173734, 0.173528,1127.553565, 2919.144391, 2023.348978,1243.245301, 2990.168824, 2116.707062,412.04, 0.000978807, 3.43694e-05
1978, 2, 3, 0.173237, 0.173574, 0.173406,1129.484148, 2920.248222, 2024.866185,1243.739160, 2987.162663, 2115.450912,412.04, 0.000978807, 3.43694e-05
1978, 2, 3, 0.172105, 0.172668, 0.172386,1190.108292, 2915.529560, 2052.818926,1330.713495, 2975.977557, 2153.345526,412.04, 0.000978807, 3.43694e-05
1978, 2, 3, 0.173040, 0.173526, 0.173283,1130.803832, 2919.233461, 2025.018646,1244.556987, 2995.701194, 2120.129091,412.04, 0.000978807, 3.43694e-05
1978, 2, 3, 0.172846, 0.173226, 0.173036,1135.099100, 2921.533242, 2028.316171,1248.184289, 2996.185438, 2122.184864,412.04, 0.000978807, 3.43694e-05
1978, 2, 3, 0.172864, 0.173270, 0.173067,1137.188119, 2921.647793, 2029.417956,1250.727763, 2991.799440, 2121.263601,412.04, 0.000978807, 3.43694e-05
1978, 2, 3, 0.172854, 0.173158, 0.173006,1138.130678, 2923.137771, 2030.634225,1252.215805, 2989.192068, 2120.703937,412.04, 0.000978807, 3.43694e-05
1978, 2, 3, 0.172754, 0.173195, 0.172974,1140.727487, 2920.894831, 2030.811159,1252.782298, 2993.491772, 2123.137035,412.04, 0.000978807, 3.43694e-05
1978, 2, 3, 0.172839, 0.173118, 0.172979,1140.502026, 2921.531787, 2031.016907,1253.571246, 2989.547155, 2121.559201,412.04, 0.000978807, 3.43694e-05
1978, 2, 3, 0.172097, 0.172396, 0.172246,1187.736227, 2917.505923, 2052.621075,1330.660285, 2977.644352, 2154.152319,412.04, 0.000978807, 3.43694e-05
1978, 2, 3, 0.172988, 0.173379, 0.173184,1135.392945, 2921.332042, 2028.362494,1249.138743, 2987.397493, 2118.268118,412.04, 0.000978807, 3.43694e-05
1978, 2, 3, 0.172911, 0.173395, 0.173153,1137.462908, 2921.478334, 2029.470621,1250.846448, 2989.512760, 2120.179604,412.04, 0.000978807, 3.43694e-05
1978, 2, 3, 0.172957, 0.173451, 0.173204,1135.152825, 2923.177816, 2029.165320,1252.341900, 2985.848900, 2119.095400,412.04, 0.000978807, 3.43694e-05
1978, 2, 3, 0.173184, 0.173573, 0.173379,1130.211074, 2918.077551, 2024.144312,1243.982457, 2985.508489, 2114.745473,412.04, 0.000978807, 3.43694e-05
1978, 2, 3, 0.171955, 0.172298, 0.172127,1201.168107, 2912.476609, 2056.822358,1339.535106, 2974.390271, 2156.962688,412.04, 0.000978807, 3.43694e-05
1978, 2, 3, 0.173276, 0.173828, 0.173552,1125.802300, 2919.168473, 2022.485387,1239.378499, 2987.655305, 2113.516902,412.04, 0.000978807, 3.43694e-05
1978, 2, 3, 0.172032, 0.172391, 0.172211,1199.041525, 2912.558647, 2055.800086,1337.981709, 2974.652753, 2156.317231,412.04, 0.000978807, 3.43694e-05
1978, 2, 3, 0.173209, 0.173620, 0.173415,1130.761286, 2919.139914, 2024.950600,1244.754439, 2986.080739, 2115.417589,412.04, 0.000978807, 3.43694e-05
51170, 2, 3, 2.562138, 2.562631, 2.562384,3475.238332, 3518.137690, 3496.688011,3506.675285, 3527.445985, 3517.060635,11285.63, 0.000560819, 3.00801e-06
51170, 2, 3, 2.561913, 2.562685, 2.562299,3480.550579, 3511.945459, 3496.248019,3512.543648, 3523.603038, 3518.073343,11285.63, 0.000560819, 3.008e-06
51170, 2, 3, 2.561934, 2.570949, 2.566441,3422.542646, 3517.902430, 3470.222538,3452.707750, 3527.556798, 3490.132274,11285.63, 0.000560819, 3.008e-06
51170, 2, 3, 2.561627, 2.569954, 2.565790,3464.348666, 3482.415711, 3473.382188,3474.827100, 3512.987499, 3493.907299,11285.63, 0.000560819, 3.008e-06
51170, 2, 3, 2.560640, 2.561101, 2.560870,3478.155048, 3516.967089, 3497.561069,3508.020836, 3528.307430, 3518.164133,11285.63, 0.000560819, 3.008e-06
51170, 2, 3, 2.561628, 2.562300, 2.561964,3472.678411, 3515.273328, 3493.975870,3502.891205, 3527.517707, 3515.204456,11285.63, 0.000560819, 3.008e-06
51170, 2, 3, 2.560989, 2.561718, 2.561353,3481.753369, 3512.380320, 3497.066844,3511.168501, 3523.083636, 3517.126069,11285.63, 0.000560819, 3.008e-06
51170, 2, 3, 2.561455, 2.561965, 2.561710,3477.566840, 3513.646922, 3495.606881,3506.823169, 3525.252162, 3516.037666,11285.63, 0.000560819, 3.00817e-06
51170, 2, 3, 2.561433, 2.561901, 2.561667,3473.842510, 3517.788610, 3495.815560,3506.419951, 3527.123552, 3516.771751,11285.63, 0.000560819, 3.008e-06
51170, 2, 3, 2.561368, 2.561923, 2.561645,3477.964591, 3515.026798, 3496.495694,3508.832060, 3523.917726, 3516.374893,11285.63, 0.000560819, 3.008e-06
51170, 2, 3, 2.561592, 2.562081, 2.561836,3473.363845, 3517.944632, 3495.654239,3504.070571, 3527.596316, 3515.833444,11285.63, 0.000560819, 3.008e-06
51170, 2, 3, 2.561427, 2.561910, 2.561669,3472.600586, 3517.757806, 3495.179196,3505.362270, 3527.543998, 3516.453134,11285.63, 0.000560819, 3.008e-06
51170, 2, 3, 2.562125, 2.562765, 2.562445,3472.465396, 3513.612030, 3493.038713,3502.419353, 3522.269084, 3512.344219,11285.63, 0.000560819, 3.008e-06
51170, 2, 3, 2.561525, 2.562107, 2.561816,3476.202517, 3515.154623, 3495.678570,3506.546106, 3525.356040, 3515.951073,11285.63, 0.000560819, 3.008e-06
51170, 2, 3, 2.561025, 2.561601, 2.561313,3482.946619, 3511.569865, 3497.258242,3514.271022, 3528.510762, 3521.390892,11285.63, 0.000560819, 3.008e-06
51170, 2, 3, 2.562144, 2.562734, 2.562439,3471.571011, 3513.692978, 3492.631995,3501.668333, 3523.067458, 3512.367896,11285.63, 0.000560819, 3.008e-06
51170, 2, 3, 2.561458, 2.562070, 2.561764,3472.590532, 3517.837745, 3495.214139,3502.673812, 3527.754236, 3515.214024,11285.63, 0.000560819, 3.008e-06
51170, 2, 3, 2.561363, 2.561803, 2.561583,3474.132991, 3518.391133, 3496.262062,3504.637524, 3527.102504, 3515.870014,11285.63, 0.000560819, 3.008e-06
51170, 2, 3, 2.561781, 2.562305, 2.562043,3473.879864, 3516.234486, 3495.057175,3503.001009, 3527.481623, 3515.241316,11285.63, 0.000560819, 3.008e-06
51170, 2, 3, 2.561536, 2.562119, 2.561827,3472.088454, 3517.718046, 3494.903250,3501.994542, 3527.044808, 3514.519675,11285.63, 0.000560819, 3.008e-06
51170, 2, 3, 2.561423, 2.562253, 2.561838,3478.565663, 3510.771786, 3494.668724,3508.743963, 3519.797715, 3514.270839,11285.63, 0.000560819, 3.008e-06
51170, 2, 3, 2.561564, 2.562079, 2.561821,3475.153585, 3515.486713, 3495.320149,3505.506061, 3524.958792, 3515.232427,11285.63, 0.000560819, 3.008e-06
51170, 2, 3, 2.561724, 2.562347, 2.562036,3474.041859, 3515.541026, 3494.791443,3505.970607, 3527.796204, 3516.883405,11285.63, 0.000560819, 3.008e-06
51170, 2, 3, 2.561751, 2.562397, 2.562074,3478.369289, 3509.448403, 3493.908846,3508.568344, 3521.287884, 3514.928114,11285.63, 0.000560819, 3.008e-06
51170, 2, 3, 2.561560, 2.562151, 2.561855,3475.255183, 3515.926585, 3495.590884,3505.572650, 3525.120490, 3515.346570,11285.63, 0.000560819, 3.008e-06
51170, 2, 3, 2.562176, 2.562749, 2.562463,3473.363207, 3511.781362, 3492.572285,3503.449446, 3524.765378, 3514.107412,11285.63, 0.000560819, 3.008e-06
51170, 2, 3, 2.561530, 2.562221, 2.561876,3475.187592, 3510.503210, 3492.845401,3504.592545, 3526.128144, 3515.360345,11285.63, 0.000560819, 3.008e-06
51170, 2, 3, 2.562106, 2.562696, 2.562401,3472.024324, 3513.504907, 3492.764616,3502.115888, 3525.323190, 3513.719539,11285.63, 0.000560819, 3.008e-06
51170, 2, 3, 2.561051, 2.561539, 2.561295,3475.145821, 3517.955361, 3496.550591,3505.179893, 3527.533075, 3516.356484,11285.63, 0.000560819, 3.008e-06
51170, 2, 3, 2.562110, 2.563393, 2.562751,3466.050099, 3515.405413, 3490.727756,3495.418068, 3525.283252, 3510.350660,11285.63, 0.000560819, 3.008e-06
5235, 2, 3, 0.319396, 0.319902, 0.319649,2494.322937, 3260.452163, 2877.387550,2662.852602, 3302.097266, 2982.474934,1117.50, 0.000350579, 1.6666e-05
5235, 2, 3, 0.319291, 0.319796, 0.319543,2517.793950, 3260.771646, 2889.282798,2692.263421, 3301.629615, 2996.946518,1117.50, 0.000350579, 1.6666e-05
5235, 2, 3, 0.320064, 0.320616, 0.320340,2497.159394, 3259.336942, 2878.248168,2668.457520, 3307.381619, 2987.919570,1117.50, 0.000350579, 1.6666e-05
5235, 2, 3, 0.319290, 0.319812, 0.319551,2541.665614, 3261.580235, 2901.622924,2719.180545, 3302.946190, 3011.063368,1117.50, 0.000350579, 1.6666e-05
5235, 2, 3, 0.319217, 0.319661, 0.319439,2531.585708, 3260.948755, 2896.267231,2705.967037, 3298.126571, 3002.046804,1117.50, 0.000350579, 1.6666e-05
5235, 2, 3, 0.319280, 0.319806, 0.319543,2515.778462, 3261.173830, 2888.476146,2687.287714, 3297.017535, 2992.152624,1117.50, 0.000350579, 1.6666e-05
5235, 2, 3, 0.319402, 0.319915, 0.319659,2504.152372, 3261.675376, 2882.913874,2675.225753, 3295.166666, 2985.196210,1117.50, 0.000350579, 1.6666e-05
5235, 2, 3, 0.319741, 0.320400, 0.320071,2696.024551, 3115.735912, 2905.880232,2873.543272, 3184.228254, 3028.885763,1117.50, 0.000350579, 1.6666e-05
5235, 2, 3, 0.319339, 0.319739, 0.319539,2550.507752, 3261.180902, 2905.844327,2729.705420, 3297.452622, 3013.579021,1117.50, 0.000350579, 1.6666e-05
5235, 2, 3, 0.319359, 0.319877, 0.319618,2496.341901, 3261.578731, 2878.960316,2665.722233, 3294.881620, 2980.301927,1117.50, 0.000350579, 1.6666e-05
5235, 2, 3, 0.319105, 0.319837, 0.319471,2596.870860, 3183.146361, 2890.008610,2766.678447, 3242.737807, 3004.708127,1117.50, 0.000350579, 1.6666e-05
5235, 2, 3, 0.319438, 0.320070, 0.319754,2489.773100, 3260.644101, 2875.208601,2660.358348, 3300.401295, 2980.379822,1117.50, 0.000350579, 1.6666e-05
5235, 2, 3, 0.319189, 0.319912, 0.319551,2636.571570, 3174.524048, 2905.547809,2811.818088, 3238.066645, 3024.942366,1117.50, 0.000350579, 1.6666e-05
5235, 2, 3, 0.319126, 0.319759, 0.319443,2620.286296, 3178.560909, 2899.423602,2791.867682, 3236.539127, 3014.203404,1117.50, 0.000350579, 1.6666e-05
5235, 2, 3, 0.319331, 0.319778, 0.319554,2517.208022, 3260.652396, 2888.930209,2689.090864, 3299.143169, 2994.117017,1117.50, 0.000350579, 1.6666e-05
5235, 2, 3, 0.319127, 0.319768, 0.319448,2586.357218, 3185.934664, 2886.145941,2754.137295, 3242.960926, 2998.549110,1117.50, 0.000350579, 1.6666e-05
5235, 2, 3, 0.319566, 0.320205, 0.319886,2552.283636, 3186.533595, 2869.408616,2717.650311, 3246.810587, 2982.230449,1117.50, 0.000350579, 1.6666e-05
5235, 2, 3, 0.319805, 0.320357, 0.320081,2997.194539, 3115.390956, 3056.292748,3245.210290, 3331.636660, 3288.423475,1117.50, 0.000350579, 1.6666e-05
5235, 2, 3, 0.319725, 0.320376, 0.320050,2468.290037, 3259.836032, 2864.063034,2633.242703, 3295.320579, 2964.281641,1117.50, 0.000350579, 1.6666e-05
5235, 2, 3, 0.319752, 0.320144, 0.319948,2450.256726, 3259.863463, 2855.060095,2613.181179, 3304.675828, 2958.928503,1117.50, 0.000350579, 1.6666e-05
5235, 2, 3, 0.319730, 0.320162, 0.319946,2442.539523, 3258.662960, 2850.601241,2605.220491, 3305.545703, 2955.383097,1117.50, 0.000350579, 1.6666e-05
5235, 2, 3, 0.319747, 0.320308, 0.320027,2436.625573, 3260.509608, 2848.567591,2597.123784, 3297.628785, 2947.376285,1117.50, 0.000350579, 1.6666e-05
5235, 2, 3, 0.319635, 0.320044, 0.319839,2496.746745, 3259.650865, 2878.198805,2666.879399, 3301.262872, 2984.071136,1117.50, 0.000350579, 1.6666e-05
5235, 2, 3, 0.319662, 0.320185, 0.319924,2483.381793, 3260.693036, 2872.037414,2651.025076, 3299.365739, 2975.195407,1117.50, 0.000350579, 1.6666e-05
5235, 2, 3, 0.319723, 0.320118, 0.319921,2480.049147, 3259.853448, 2869.951297,2646.978509, 3301.217278, 2974.097893,1117.50, 0.000350579, 1.6666e-05
5235, 2, 3, 0.319725, 0.320295, 0.320010,2465.367122, 3260.330209, 2862.848665,2632.311821, 3296.754421, 2964.533121,1117.50, 0.000350579, 1.6666e-05
5235, 2, 3, 0.319328, 0.320077, 0.319702,2604.276463, 3172.368096, 2888.322279,2775.279830, 3242.975133, 3009.127482,1117.50, 0.000350579, 1.6666e-05
5235, 2, 3, 0.319439, 0.319930, 0.319685,2540.985962, 3258.553316, 2899.769639,2717.115307, 3308.500907, 3012.808107,1117.50, 0.000350579, 1.6666e-05
5235, 2, 3, 0.319282, 0.319879, 0.319581,2631.112097, 3176.997043, 2904.054570,2805.190776, 3245.802976, 3025.496876,1117.50, 0.000350579, 1.6666e-05
5235, 2, 3, 0.319226, 0.319873, 0.319549,2604.108284, 3182.909594, 2893.508939,2775.609525, 3243.484814, 3009.547169,1117.50, 0.000350579, 1.6666e-05
